{
  "eye": {
    "orientation": [
      -0.45557087659835815,
      -0.08851205557584763,
      -0.006963728461414576,
      0.8857609033584595
    ],
    "magnitude": 0.5773502588272095,
    "position": [
      -21.65310287475586,
      115.23550415039062,
      81.55921173095703
    ]
  },
  "paths": [],
  "ortho": false,
  "radius": 100,
  "visualHints": 3
}