{
  "eye": {
    "orientation": [
      -0.4866796135902405,
      -0.03608385846018791,
      -0.012149346061050892,
      0.872750461101532
    ],
    "magnitude": 0.5773502588272095,
    "position": [
      -36.11676788330078,
      229.12985229492188,
      104.7060775756836
    ]
  },
  "paths": [],
  "ortho": false,
  "radius": 100,
  "visualHints": 3
}